Order ID,Date,Product,Category,Sub-Category,Region,State,Quantity,Unit Price,Discount,Revenue,Profit,Salesperson
ORD0001,2023-02-07,Monitor,Electronics,Displays,North,Tamil Nadu,6,1444,0.21,6844.56,1028.16,Priya
ORD0002,2023-10-09,Monitor,Electronics,Displays,West,Gujarat,9,151,0.26,1005.66,129.43,Ansh
ORD0003,2023-01-10,Monitor,Electronics,Displays,South,Maharashtra,2,1363,0.17,2262.58,483.52,Ansh
ORD0004,2023-04-21,Headphones,Electronics,Accessories,East,Delhi,1,1758,0.27,1283.34,291.61,Ansh
ORD0005,2024-03-31,Headphones,Electronics,Accessories,North,Karnataka,6,368,0.14,1898.88,415.28,Rahul
ORD0006,2024-03-17,Laptop,Electronics,Computers,North,Maharashtra,8,1806,0.12,12714.24,876.13,Priya
ORD0007,2023-04-09,Desk Chair,Furniture,Chairs,South,Delhi,3,1566,0.05,4463.1,714.91,Sneha
ORD0008,2023-04-20,Headphones,Electronics,Accessories,North,Karnataka,2,1120,0.09,2038.4,475.25,Karan
ORD0009,2023-07-07,Coffee Table,Furniture,Tables,West,Gujarat,6,105,0.21,497.7,123.0,Ansh
ORD0010,2023-01-27,Monitor,Electronics,Displays,East,Karnataka,8,1099,0.14,7561.12,1297.9,Karan
ORD0011,2023-08-10,Desk Chair,Furniture,Chairs,North,Gujarat,4,1827,0.01,7234.92,572.19,Karan
ORD0012,2023-07-13,Laptop,Electronics,Computers,North,Maharashtra,3,1547,0.1,4176.9,572.41,Karan
ORD0013,2023-03-07,Desk Chair,Furniture,Chairs,East,Maharashtra,3,674,0.21,1597.38,259.79,Karan
ORD0014,2024-04-14,Monitor,Electronics,Displays,East,West Bengal,10,670,0.12,5896.0,1359.47,Neha
ORD0015,2023-03-01,Notebook,Stationery,Paper,North,West Bengal,9,663,0.19,4833.27,268.67,Sneha
ORD0016,2023-08-16,Pen,Stationery,Writing,East,West Bengal,7,1676,0.24,8916.32,1625.95,Priya
ORD0017,2023-04-15,Desk Chair,Furniture,Chairs,East,Gujarat,10,1463,0.19,11850.3,2231.06,Sneha
ORD0018,2023-09-26,Coffee Table,Furniture,Tables,East,Maharashtra,8,1430,0.28,8236.8,1528.74,Priya
ORD0019,2023-04-16,Desk Chair,Furniture,Chairs,West,Gujarat,4,867,0.09,3155.88,371.99,Karan
ORD0020,2023-07-12,Coffee Table,Furniture,Tables,West,Tamil Nadu,4,1989,0.24,6046.56,666.36,Karan
ORD0021,2024-05-23,Coffee Table,Furniture,Tables,East,Delhi,2,1478,0.28,2128.32,484.59,Sneha
ORD0022,2023-06-04,Headphones,Electronics,Accessories,South,Maharashtra,3,142,0.23,328.02,70.45,Sneha
ORD0023,2023-04-17,Headphones,Electronics,Accessories,West,Delhi,6,487,0.23,2249.94,446.05,Rahul
ORD0024,2023-06-25,Smartphone,Electronics,Mobiles,South,Gujarat,4,314,0.04,1205.76,133.57,Karan
ORD0025,2023-07-08,Desk Chair,Furniture,Chairs,East,West Bengal,5,408,0.04,1958.4,249.63,Ansh
ORD0026,2023-04-28,Laptop,Electronics,Computers,South,West Bengal,1,1332,0.03,1292.04,223.06,Priya
ORD0027,2024-02-21,Office Desk,Furniture,Desks,South,Maharashtra,4,477,0.05,1812.6,264.11,Rahul
ORD0028,2023-08-15,Office Desk,Furniture,Desks,West,Maharashtra,5,1430,0.29,5076.5,1192.19,Rahul
ORD0029,2023-12-19,Office Desk,Furniture,Desks,North,Gujarat,5,539,0.25,2021.25,445.69,Priya
ORD0030,2023-05-23,Smartphone,Electronics,Mobiles,North,Gujarat,8,785,0.27,4584.4,616.68,Karan
ORD0031,2023-02-18,Monitor,Electronics,Displays,East,Tamil Nadu,10,1624,0.03,15752.8,3245.75,Sneha
ORD0032,2023-01-06,Notebook,Stationery,Paper,North,West Bengal,3,919,0.22,2150.46,295.86,Neha
ORD0033,2024-06-11,Coffee Table,Furniture,Tables,North,Gujarat,10,1695,0.27,12373.5,643.29,Sneha
ORD0034,2023-11-12,Notebook,Stationery,Paper,West,Delhi,4,1997,0.28,5751.36,1296.03,Sneha
ORD0035,2023-01-24,Office Desk,Furniture,Desks,South,Maharashtra,7,657,0.19,3725.19,327.8,Ansh
ORD0036,2023-06-27,Laptop,Electronics,Computers,West,Tamil Nadu,6,723,0.11,3860.82,423.05,Priya
ORD0037,2023-02-20,Office Desk,Furniture,Desks,West,Tamil Nadu,8,1285,0.15,8738.0,1035.03,Karan
ORD0038,2023-04-23,Laptop,Electronics,Computers,South,West Bengal,1,1354,0.19,1096.74,203.82,Rahul
ORD0039,2023-10-20,Monitor,Electronics,Displays,East,Maharashtra,4,1107,0.3,3099.6,410.91,Sneha
ORD0040,2023-05-03,Notebook,Stationery,Paper,North,Maharashtra,6,300,0.05,1710.0,130.95,Ansh
ORD0041,2023-04-29,Coffee Table,Furniture,Tables,South,Delhi,7,346,0.22,1889.16,421.08,Karan
ORD0042,2023-10-29,Monitor,Electronics,Displays,West,Delhi,4,607,0.19,1966.68,284.47,Karan
ORD0043,2024-06-20,Monitor,Electronics,Displays,East,Gujarat,1,1829,0.27,1335.17,279.92,Karan
ORD0044,2023-08-24,Laptop,Electronics,Computers,North,Karnataka,5,119,0.28,428.4,70.97,Neha
ORD0045,2024-05-14,Pen,Stationery,Writing,North,Tamil Nadu,10,893,0.2,7144.0,1202.06,Sneha
ORD0046,2023-04-04,Headphones,Electronics,Accessories,East,Gujarat,2,1176,0.04,2257.92,364.01,Rahul
ORD0047,2023-02-15,Notebook,Stationery,Paper,South,West Bengal,8,1416,0.03,10988.16,2677.56,Neha
ORD0048,2024-06-01,Pen,Stationery,Writing,West,Karnataka,7,1952,0.29,9701.44,1849.9,Rahul
ORD0049,2024-04-29,Desk Chair,Furniture,Chairs,West,Gujarat,5,867,0.28,3121.2,480.19,Priya
ORD0050,2024-05-24,Office Desk,Furniture,Desks,West,Gujarat,3,1106,0.23,2554.86,299.06,Karan
ORD0051,2023-05-25,Notebook,Stationery,Paper,West,Delhi,1,866,0.03,840.02,86.73,Karan
ORD0052,2023-04-01,Coffee Table,Furniture,Tables,South,Tamil Nadu,6,1937,0.05,11040.9,1294.43,Ansh
ORD0053,2023-07-13,Headphones,Electronics,Accessories,East,West Bengal,1,1700,0.01,1683.0,203.13,Neha
ORD0054,2023-03-11,Monitor,Electronics,Displays,East,Karnataka,7,202,0.16,1187.76,83.19,Priya
ORD0055,2024-05-24,Pen,Stationery,Writing,West,Gujarat,10,1692,0.17,14043.6,3434.45,Sneha
ORD0056,2023-04-03,Office Desk,Furniture,Desks,West,Delhi,4,712,0.2,2278.4,448.16,Rahul
ORD0057,2023-12-22,Laptop,Electronics,Computers,South,West Bengal,9,1368,0.01,12188.88,1180.81,Priya
ORD0058,2023-08-16,Headphones,Electronics,Accessories,East,Delhi,1,253,0.02,247.94,18.99,Neha
ORD0059,2023-08-02,Office Desk,Furniture,Desks,South,Gujarat,6,171,0.26,759.24,184.08,Priya
ORD0060,2024-06-09,Coffee Table,Furniture,Tables,East,Gujarat,8,1389,0.22,8667.36,1706.28,Ansh
ORD0061,2024-02-02,Laptop,Electronics,Computers,South,Maharashtra,6,371,0.22,1736.28,303.86,Ansh
ORD0062,2024-01-01,Headphones,Electronics,Accessories,East,West Bengal,3,996,0.26,2211.12,431.92,Sneha
ORD0063,2024-02-12,Laptop,Electronics,Computers,South,West Bengal,8,1493,0.19,9674.64,1589.99,Neha
ORD0064,2023-11-14,Pen,Stationery,Writing,South,Delhi,9,600,0.14,4644.0,1112.49,Sneha
ORD0065,2024-03-04,Monitor,Electronics,Displays,South,Maharashtra,7,1929,0.01,13367.97,2916.8,Karan
ORD0066,2023-06-02,Notebook,Stationery,Paper,West,Maharashtra,1,223,0.15,189.55,47.34,Neha
ORD0067,2023-04-12,Laptop,Electronics,Computers,South,Delhi,2,145,0.28,208.8,13.75,Rahul
ORD0068,2024-01-03,Office Desk,Furniture,Desks,North,Maharashtra,4,1325,0.08,4876.0,1092.7,Sneha
ORD0069,2024-03-13,Coffee Table,Furniture,Tables,North,Delhi,7,772,0.0,5404.0,1246.81,Neha
ORD0070,2024-05-03,Desk Chair,Furniture,Chairs,East,West Bengal,7,978,0.16,5750.64,784.41,Rahul
ORD0071,2023-12-11,Monitor,Electronics,Displays,East,Gujarat,10,953,0.19,7719.3,948.43,Sneha
ORD0072,2023-03-20,Notebook,Stationery,Paper,West,Maharashtra,3,186,0.21,440.82,27.06,Rahul
ORD0073,2024-06-23,Coffee Table,Furniture,Tables,North,Gujarat,5,1142,0.14,4910.6,274.58,Ansh
ORD0074,2023-04-12,Office Desk,Furniture,Desks,East,Delhi,6,652,0.16,3286.08,208.57,Neha
ORD0075,2024-01-11,Notebook,Stationery,Paper,North,Tamil Nadu,8,717,0.05,5449.2,1086.94,Neha
ORD0076,2023-10-13,Smartphone,Electronics,Mobiles,West,Gujarat,3,1269,0.2,3045.6,396.21,Neha
ORD0077,2024-01-27,Monitor,Electronics,Displays,North,Gujarat,9,765,0.12,6058.8,598.86,Neha
ORD0078,2024-01-10,Laptop,Electronics,Computers,East,West Bengal,9,542,0.12,4292.64,869.64,Rahul
ORD0079,2023-01-31,Laptop,Electronics,Computers,North,West Bengal,7,331,0.22,1807.26,226.29,Neha
ORD0080,2024-02-28,Pen,Stationery,Writing,West,Tamil Nadu,7,1252,0.14,7537.04,1131.37,Sneha
ORD0081,2024-01-31,Pen,Stationery,Writing,South,Maharashtra,2,1340,0.06,2519.2,161.72,Neha
ORD0082,2023-09-07,Monitor,Electronics,Displays,East,Maharashtra,5,1372,0.25,5145.0,499.26,Priya
ORD0083,2024-01-27,Office Desk,Furniture,Desks,West,Maharashtra,2,1016,0.25,1524.0,245.44,Ansh
ORD0084,2023-12-22,Laptop,Electronics,Computers,East,Karnataka,10,1826,0.03,17712.2,1523.73,Priya
ORD0085,2023-02-14,Smartphone,Electronics,Mobiles,South,Tamil Nadu,4,787,0.23,2423.96,583.6,Rahul
ORD0086,2023-08-28,Notebook,Stationery,Paper,East,Delhi,7,168,0.29,834.96,95.91,Priya
ORD0087,2023-07-22,Desk Chair,Furniture,Chairs,East,Tamil Nadu,3,1273,0.29,2711.49,325.86,Rahul
ORD0088,2023-08-02,Pen,Stationery,Writing,South,Maharashtra,10,661,0.27,4825.3,1132.24,Neha
ORD0089,2024-01-01,Monitor,Electronics,Displays,North,Maharashtra,9,182,0.17,1359.54,309.95,Karan
ORD0090,2023-07-29,Smartphone,Electronics,Mobiles,South,Tamil Nadu,2,929,0.03,1802.26,305.82,Karan
ORD0091,2023-12-27,Coffee Table,Furniture,Tables,East,West Bengal,5,507,0.13,2205.45,443.45,Karan
ORD0092,2024-02-23,Monitor,Electronics,Displays,East,Maharashtra,5,1334,0.08,6136.4,734.76,Sneha
ORD0093,2024-02-29,Laptop,Electronics,Computers,East,Karnataka,8,872,0.25,5232.0,1025.7,Sneha
ORD0094,2024-01-20,Monitor,Electronics,Displays,North,West Bengal,3,197,0.12,520.08,80.89,Priya
ORD0095,2023-04-23,Monitor,Electronics,Displays,South,Tamil Nadu,1,675,0.29,479.25,118.96,Rahul
ORD0096,2023-09-24,Office Desk,Furniture,Desks,South,West Bengal,1,436,0.11,388.04,95.28,Ansh
ORD0097,2023-12-26,Office Desk,Furniture,Desks,North,Maharashtra,6,1811,0.19,8801.46,577.87,Karan
ORD0098,2023-05-03,Monitor,Electronics,Displays,East,Gujarat,8,806,0.18,5287.36,842.73,Rahul
ORD0099,2023-03-03,Smartphone,Electronics,Mobiles,North,Gujarat,10,1839,0.12,16183.2,2782.7,Karan
ORD0100,2023-05-05,Notebook,Stationery,Paper,North,Karnataka,6,760,0.13,3967.2,686.38,Ansh
ORD0101,2024-01-26,Coffee Table,Furniture,Tables,North,Maharashtra,2,1491,0.07,2773.26,401.05,Priya
ORD0102,2023-09-12,Laptop,Electronics,Computers,East,Karnataka,6,354,0.2,1699.2,247.6,Rahul
ORD0103,2024-02-01,Desk Chair,Furniture,Chairs,West,Karnataka,7,1993,0.26,10323.74,1641.61,Ansh
ORD0104,2023-04-19,Smartphone,Electronics,Mobiles,South,Gujarat,3,603,0.13,1573.83,145.75,Karan
ORD0105,2023-06-21,Smartphone,Electronics,Mobiles,West,Karnataka,10,1600,0.04,15360.0,1644.38,Karan
ORD0106,2024-04-15,Notebook,Stationery,Paper,East,Karnataka,9,1304,0.2,9388.8,869.81,Priya
ORD0107,2023-11-18,Notebook,Stationery,Paper,East,Karnataka,1,696,0.25,522.0,34.27,Karan
ORD0108,2023-11-29,Notebook,Stationery,Paper,West,Tamil Nadu,4,1140,0.29,3237.6,248.91,Rahul
ORD0109,2023-01-29,Laptop,Electronics,Computers,West,Maharashtra,6,602,0.28,2600.64,525.15,Rahul
ORD0110,2023-12-17,Monitor,Electronics,Displays,South,Karnataka,1,950,0.28,684.0,102.65,Priya
ORD0111,2023-12-28,Pen,Stationery,Writing,West,West Bengal,7,1805,0.02,12382.3,1240.14,Neha
ORD0112,2023-04-04,Desk Chair,Furniture,Chairs,North,Gujarat,9,173,0.28,1121.04,270.31,Sneha
ORD0113,2023-03-29,Smartphone,Electronics,Mobiles,North,Gujarat,6,1490,0.01,8850.6,1322.98,Karan
ORD0114,2023-02-18,Desk Chair,Furniture,Chairs,West,Delhi,3,1404,0.26,3116.88,770.78,Rahul
ORD0115,2023-08-13,Office Desk,Furniture,Desks,North,Karnataka,3,1135,0.19,2758.05,249.75,Ansh
ORD0116,2023-06-24,Office Desk,Furniture,Desks,East,Maharashtra,6,1231,0.05,7016.7,1057.59,Karan
ORD0117,2023-10-22,Laptop,Electronics,Computers,East,Karnataka,2,1359,0.15,2310.3,442.45,Neha
ORD0118,2023-09-25,Laptop,Electronics,Computers,South,Karnataka,6,1530,0.0,9180.0,953.58,Ansh
ORD0119,2023-03-08,Smartphone,Electronics,Mobiles,East,Delhi,2,484,0.09,880.88,142.74,Ansh
ORD0120,2023-01-17,Pen,Stationery,Writing,West,West Bengal,8,1790,0.04,13747.2,2989.44,Ansh
ORD0121,2024-02-27,Office Desk,Furniture,Desks,West,West Bengal,6,720,0.08,3974.4,538.96,Sneha
ORD0122,2023-11-27,Laptop,Electronics,Computers,North,West Bengal,5,100,0.28,360.0,86.0,Priya
ORD0123,2023-08-26,Monitor,Electronics,Displays,North,Tamil Nadu,6,920,0.02,5409.6,489.37,Ansh
ORD0124,2024-05-14,Monitor,Electronics,Displays,West,West Bengal,8,1845,0.18,12103.2,2811.06,Karan
ORD0125,2023-01-09,Headphones,Electronics,Accessories,South,West Bengal,9,500,0.29,3195.0,702.39,Karan
ORD0126,2023-01-01,Pen,Stationery,Writing,North,Maharashtra,5,478,0.17,1983.7,263.24,Priya
ORD0127,2024-04-18,Desk Chair,Furniture,Chairs,South,Gujarat,8,229,0.19,1483.92,298.64,Neha
ORD0128,2023-04-29,Coffee Table,Furniture,Tables,East,West Bengal,9,899,0.29,5744.61,777.06,Sneha
ORD0129,2024-04-16,Office Desk,Furniture,Desks,South,Delhi,6,1129,0.11,6028.86,556.26,Ansh
ORD0130,2023-08-03,Laptop,Electronics,Computers,North,Gujarat,2,283,0.08,520.72,65.52,Sneha
ORD0131,2023-08-02,Coffee Table,Furniture,Tables,North,Karnataka,6,849,0.17,4228.02,755.21,Rahul
ORD0132,2023-12-18,Office Desk,Furniture,Desks,West,Maharashtra,1,250,0.24,190.0,45.87,Ansh
ORD0133,2023-01-24,Notebook,Stationery,Paper,East,Delhi,9,819,0.21,5823.09,1191.29,Rahul
ORD0134,2023-04-01,Office Desk,Furniture,Desks,North,Maharashtra,2,1689,0.1,3040.2,185.58,Neha
ORD0135,2024-04-01,Smartphone,Electronics,Mobiles,East,Karnataka,7,1173,0.06,7718.34,1153.42,Ansh
ORD0136,2023-11-17,Monitor,Electronics,Displays,West,Tamil Nadu,5,500,0.13,2175.0,260.85,Sneha
ORD0137,2023-09-10,Coffee Table,Furniture,Tables,East,Gujarat,10,1792,0.15,15232.0,1209.92,Priya
ORD0138,2023-04-11,Coffee Table,Furniture,Tables,North,West Bengal,1,579,0.04,555.84,68.12,Karan
ORD0139,2024-02-08,Smartphone,Electronics,Mobiles,South,Delhi,1,1629,0.02,1596.42,243.34,Neha
ORD0140,2023-03-17,Desk Chair,Furniture,Chairs,South,Tamil Nadu,6,1187,0.1,6409.8,1084.2,Priya
ORD0141,2023-02-16,Pen,Stationery,Writing,South,Delhi,5,1189,0.06,5588.3,880.86,Rahul
ORD0142,2023-11-14,Laptop,Electronics,Computers,South,Tamil Nadu,10,463,0.21,3657.7,408.98,Neha
ORD0143,2023-11-30,Pen,Stationery,Writing,South,Gujarat,6,407,0.23,1880.34,363.13,Ansh
ORD0144,2024-05-15,Notebook,Stationery,Paper,East,Gujarat,10,870,0.17,7221.0,728.45,Neha
ORD0145,2023-12-14,Pen,Stationery,Writing,North,Tamil Nadu,3,397,0.24,905.16,105.62,Neha
ORD0146,2024-03-25,Smartphone,Electronics,Mobiles,North,Gujarat,3,852,0.26,1891.44,324.86,Rahul
ORD0147,2023-06-01,Notebook,Stationery,Paper,North,West Bengal,6,619,0.02,3639.72,226.6,Ansh
ORD0148,2023-05-08,Pen,Stationery,Writing,West,Gujarat,4,397,0.02,1556.24,355.66,Neha
ORD0149,2023-05-17,Headphones,Electronics,Accessories,West,Karnataka,4,1552,0.02,6083.84,321.21,Rahul
ORD0150,2024-05-11,Smartphone,Electronics,Mobiles,South,Tamil Nadu,8,1081,0.14,7437.28,1710.01,Priya
ORD0151,2023-07-27,Headphones,Electronics,Accessories,East,Tamil Nadu,5,1170,0.22,4563.0,984.84,Ansh
ORD0152,2023-09-11,Smartphone,Electronics,Mobiles,East,Karnataka,4,1702,0.08,6263.36,749.69,Sneha
ORD0153,2023-03-03,Headphones,Electronics,Accessories,West,Tamil Nadu,6,391,0.07,2181.78,438.83,Sneha
ORD0154,2023-10-17,Notebook,Stationery,Paper,West,Tamil Nadu,6,1744,0.21,8266.56,1772.48,Priya
ORD0155,2023-03-07,Laptop,Electronics,Computers,South,Tamil Nadu,6,1744,0.01,10359.36,1870.29,Sneha
ORD0156,2023-05-20,Smartphone,Electronics,Mobiles,West,Tamil Nadu,3,1373,0.16,3459.96,307.4,Neha
ORD0157,2023-02-07,Pen,Stationery,Writing,North,Gujarat,1,1854,0.23,1427.58,265.52,Neha
ORD0158,2024-07-04,Office Desk,Furniture,Desks,West,Delhi,5,661,0.2,2644.0,357.53,Priya
ORD0159,2024-06-21,Desk Chair,Furniture,Chairs,West,Karnataka,7,478,0.29,2375.66,119.12,Sneha
ORD0160,2023-05-08,Desk Chair,Furniture,Chairs,West,West Bengal,8,1721,0.22,10739.04,957.63,Rahul
ORD0161,2024-05-30,Coffee Table,Furniture,Tables,South,Maharashtra,5,1034,0.22,4032.6,369.76,Rahul
ORD0162,2023-09-08,Laptop,Electronics,Computers,North,Delhi,8,1382,0.18,9065.92,1762.47,Sneha
ORD0163,2023-11-15,Pen,Stationery,Writing,West,Delhi,7,1421,0.16,8355.48,1123.16,Rahul
ORD0164,2024-04-23,Laptop,Electronics,Computers,North,Gujarat,7,671,0.18,3851.54,869.33,Neha
ORD0165,2023-11-22,Office Desk,Furniture,Desks,East,Delhi,7,1230,0.18,7060.2,1698.38,Neha
ORD0166,2024-05-26,Smartphone,Electronics,Mobiles,South,Gujarat,9,1369,0.2,9856.8,886.07,Sneha
ORD0167,2024-02-24,Notebook,Stationery,Paper,North,Maharashtra,9,1341,0.24,9172.44,2282.33,Priya
ORD0168,2024-01-26,Desk Chair,Furniture,Chairs,West,Delhi,3,1790,0.22,4188.6,483.68,Priya
ORD0169,2023-03-13,Smartphone,Electronics,Mobiles,West,Tamil Nadu,1,322,0.01,318.78,76.82,Neha
ORD0170,2024-01-04,Monitor,Electronics,Displays,South,West Bengal,8,648,0.06,4872.96,469.1,Neha
ORD0171,2023-12-28,Monitor,Electronics,Displays,West,Tamil Nadu,10,1009,0.21,7971.1,837.43,Priya
ORD0172,2023-11-19,Coffee Table,Furniture,Tables,South,Delhi,1,211,0.26,156.14,32.37,Rahul
ORD0173,2023-05-22,Notebook,Stationery,Paper,North,Gujarat,6,1197,0.02,7038.36,1744.27,Priya
ORD0174,2023-10-06,Pen,Stationery,Writing,South,Maharashtra,4,513,0.24,1559.52,387.81,Priya
ORD0175,2023-05-17,Coffee Table,Furniture,Tables,North,Karnataka,6,159,0.01,944.46,149.52,Neha
ORD0176,2023-09-02,Desk Chair,Furniture,Chairs,West,West Bengal,2,553,0.07,1028.58,53.64,Priya
ORD0177,2024-06-12,Headphones,Electronics,Accessories,North,Delhi,3,1013,0.18,2491.98,407.58,Rahul
ORD0178,2023-07-06,Monitor,Electronics,Displays,East,Gujarat,7,231,0.25,1212.75,67.87,Rahul
ORD0179,2023-10-27,Pen,Stationery,Writing,North,Karnataka,4,1570,0.02,6154.4,416.06,Neha
ORD0180,2024-06-26,Laptop,Electronics,Computers,West,West Bengal,4,934,0.19,3026.16,601.88,Sneha
ORD0181,2023-01-09,Pen,Stationery,Writing,West,West Bengal,10,924,0.12,8131.2,980.65,Karan
ORD0182,2024-01-09,Desk Chair,Furniture,Chairs,East,Gujarat,1,977,0.03,947.69,164.87,Priya
ORD0183,2023-09-12,Headphones,Electronics,Accessories,North,Gujarat,8,397,0.08,2921.92,414.2,Karan
ORD0184,2023-01-09,Coffee Table,Furniture,Tables,East,Maharashtra,3,1372,0.11,3663.24,789.93,Karan
ORD0185,2023-04-28,Headphones,Electronics,Accessories,South,Karnataka,9,526,0.0,4734.0,937.96,Ansh
ORD0186,2024-02-28,Pen,Stationery,Writing,East,Delhi,10,1111,0.05,10554.5,705.94,Ansh
ORD0187,2023-02-22,Notebook,Stationery,Paper,East,Delhi,2,975,0.26,1443.0,299.26,Priya
ORD0188,2023-02-16,Desk Chair,Furniture,Chairs,North,Delhi,8,1273,0.03,9878.48,1678.06,Neha
ORD0189,2024-07-01,Monitor,Electronics,Displays,West,Maharashtra,6,423,0.11,2258.82,261.86,Sneha
ORD0190,2023-09-30,Monitor,Electronics,Displays,East,Gujarat,9,741,0.13,5802.03,1177.0,Neha
ORD0191,2023-04-09,Coffee Table,Furniture,Tables,North,Karnataka,8,1338,0.22,8349.12,500.62,Ansh
ORD0192,2024-03-16,Monitor,Electronics,Displays,East,West Bengal,8,835,0.09,6078.8,438.58,Karan
ORD0193,2023-12-12,Desk Chair,Furniture,Chairs,East,Delhi,1,540,0.28,388.8,90.68,Priya
ORD0194,2023-03-04,Monitor,Electronics,Displays,North,Maharashtra,10,877,0.22,6840.6,594.14,Sneha
ORD0195,2023-06-08,Notebook,Stationery,Paper,South,Maharashtra,9,543,0.23,3762.99,617.04,Rahul
ORD0196,2024-03-30,Monitor,Electronics,Displays,West,Delhi,5,889,0.28,3200.4,433.1,Ansh
ORD0197,2023-09-09,Office Desk,Furniture,Desks,West,Delhi,2,1216,0.04,2334.72,265.39,Priya
ORD0198,2023-05-03,Laptop,Electronics,Computers,South,West Bengal,9,588,0.21,4180.68,934.87,Priya
ORD0199,2023-04-04,Headphones,Electronics,Accessories,South,West Bengal,4,1290,0.19,4179.6,215.78,Priya
ORD0200,2024-06-27,Notebook,Stationery,Paper,East,Delhi,3,102,0.25,229.5,11.53,Karan
ORD0201,2023-08-19,Laptop,Electronics,Computers,North,Gujarat,8,1611,0.17,10697.04,1836.03,Neha
ORD0202,2023-09-25,Office Desk,Furniture,Desks,West,Karnataka,4,1327,0.05,5042.6,1191.31,Priya
ORD0203,2023-08-29,Coffee Table,Furniture,Tables,West,Tamil Nadu,2,1304,0.29,1851.68,146.79,Rahul
ORD0204,2023-02-03,Office Desk,Furniture,Desks,East,Tamil Nadu,1,147,0.21,116.13,16.05,Ansh
ORD0205,2024-04-23,Pen,Stationery,Writing,South,West Bengal,5,979,0.03,4748.15,1004.04,Rahul
ORD0206,2023-03-17,Notebook,Stationery,Paper,West,Karnataka,1,1418,0.04,1361.28,77.26,Neha
ORD0207,2023-01-01,Laptop,Electronics,Computers,West,Tamil Nadu,6,327,0.23,1510.74,86.58,Rahul
ORD0208,2024-04-14,Monitor,Electronics,Displays,East,Gujarat,10,653,0.29,4636.3,328.86,Rahul
ORD0209,2023-04-30,Headphones,Electronics,Accessories,South,Gujarat,6,350,0.18,1722.0,403.01,Neha
ORD0210,2023-10-25,Headphones,Electronics,Accessories,East,Delhi,9,604,0.14,4674.96,693.49,Rahul
ORD0211,2023-04-17,Pen,Stationery,Writing,West,Delhi,10,1241,0.21,9803.9,1896.65,Rahul
ORD0212,2023-01-07,Monitor,Electronics,Displays,West,Gujarat,1,1716,0.02,1681.68,267.8,Ansh
ORD0213,2023-11-28,Coffee Table,Furniture,Tables,West,Maharashtra,6,677,0.07,3777.66,343.52,Rahul
ORD0214,2023-10-18,Pen,Stationery,Writing,South,Tamil Nadu,1,912,0.11,811.68,156.11,Priya
ORD0215,2023-03-29,Headphones,Electronics,Accessories,North,Tamil Nadu,4,405,0.12,1425.6,281.39,Priya
ORD0216,2023-05-07,Desk Chair,Furniture,Chairs,West,Delhi,7,1419,0.19,8045.73,1602.64,Priya
ORD0217,2023-08-17,Pen,Stationery,Writing,East,Maharashtra,3,844,0.05,2405.4,457.14,Priya
ORD0218,2023-11-14,Smartphone,Electronics,Mobiles,West,Karnataka,5,1303,0.1,5863.5,944.55,Priya
ORD0219,2023-09-20,Monitor,Electronics,Displays,South,Karnataka,2,888,0.09,1616.16,197.2,Ansh
ORD0220,2023-04-10,Laptop,Electronics,Computers,South,Gujarat,10,365,0.25,2737.5,169.22,Ansh
ORD0221,2023-06-13,Smartphone,Electronics,Mobiles,West,Karnataka,4,1047,0.19,3392.28,573.18,Sneha
ORD0222,2023-01-15,Desk Chair,Furniture,Chairs,West,Maharashtra,1,728,0.1,655.2,102.41,Priya
ORD0223,2024-06-11,Notebook,Stationery,Paper,South,West Bengal,1,972,0.26,719.28,48.52,Karan
ORD0224,2023-05-20,Desk Chair,Furniture,Chairs,South,Karnataka,9,1312,0.16,9918.72,2136.03,Neha
ORD0225,2023-03-16,Notebook,Stationery,Paper,West,Karnataka,1,1990,0.03,1930.3,277.36,Priya
ORD0226,2023-10-26,Desk Chair,Furniture,Chairs,West,Tamil Nadu,7,262,0.09,1668.94,339.74,Priya
ORD0227,2024-03-03,Monitor,Electronics,Displays,North,Tamil Nadu,10,1324,0.06,12445.6,2684.81,Neha
ORD0228,2023-06-28,Office Desk,Furniture,Desks,North,Karnataka,7,1763,0.09,11230.31,1652.58,Priya
ORD0229,2024-02-02,Headphones,Electronics,Accessories,North,Maharashtra,9,1329,0.02,11721.78,2583.36,Karan
ORD0230,2024-03-21,Laptop,Electronics,Computers,North,Maharashtra,2,744,0.14,1279.68,238.07,Ansh
ORD0231,2023-02-14,Laptop,Electronics,Computers,East,Tamil Nadu,9,122,0.23,845.46,43.32,Neha
ORD0232,2024-01-14,Headphones,Electronics,Accessories,North,Tamil Nadu,7,1352,0.11,8422.96,480.33,Ansh
ORD0233,2023-12-25,Headphones,Electronics,Accessories,West,Tamil Nadu,2,1340,0.27,1956.4,443.81,Karan
ORD0234,2023-02-18,Monitor,Electronics,Displays,East,West Bengal,10,491,0.21,3878.9,919.7,Sneha
ORD0235,2023-08-18,Smartphone,Electronics,Mobiles,North,Maharashtra,8,899,0.21,5681.68,973.67,Karan
ORD0236,2023-05-24,Smartphone,Electronics,Mobiles,South,Karnataka,5,901,0.15,3829.25,669.89,Priya
ORD0237,2023-07-01,Coffee Table,Furniture,Tables,North,West Bengal,1,1889,0.19,1530.09,223.96,Ansh
ORD0238,2023-05-19,Monitor,Electronics,Displays,North,Gujarat,7,281,0.26,1455.58,149.84,Karan
ORD0239,2023-06-30,Laptop,Electronics,Computers,North,Delhi,6,607,0.13,3168.54,391.78,Ansh
ORD0240,2023-11-25,Laptop,Electronics,Computers,West,Gujarat,2,1875,0.23,2887.5,385.98,Priya
ORD0241,2023-10-27,Smartphone,Electronics,Mobiles,North,Gujarat,1,1603,0.06,1506.82,240.33,Ansh
ORD0242,2024-05-22,Monitor,Electronics,Displays,South,Tamil Nadu,10,1126,0.24,8557.6,995.12,Ansh
ORD0243,2023-04-13,Pen,Stationery,Writing,East,Maharashtra,10,1232,0.08,11334.4,2508.19,Neha
ORD0244,2023-11-27,Pen,Stationery,Writing,West,West Bengal,3,948,0.07,2644.92,343.59,Karan
ORD0245,2023-01-02,Smartphone,Electronics,Mobiles,West,Karnataka,2,1405,0.24,2135.6,518.28,Neha
ORD0246,2024-02-26,Pen,Stationery,Writing,East,Tamil Nadu,7,832,0.28,4193.28,636.39,Rahul
ORD0247,2024-01-26,Laptop,Electronics,Computers,South,Maharashtra,6,1612,0.08,8898.24,1475.72,Ansh
ORD0248,2023-11-02,Pen,Stationery,Writing,South,Delhi,5,1889,0.12,8311.6,1692.86,Priya
ORD0249,2024-02-23,Laptop,Electronics,Computers,East,Delhi,4,1021,0.3,2858.8,696.1,Neha
ORD0250,2023-02-15,Notebook,Stationery,Paper,South,Maharashtra,5,1698,0.13,7386.3,1399.47,Sneha
ORD0251,2024-04-17,Desk Chair,Furniture,Chairs,North,Maharashtra,7,379,0.18,2175.46,189.1,Priya
ORD0252,2024-04-09,Smartphone,Electronics,Mobiles,South,Gujarat,3,1807,0.08,4987.32,1181.85,Priya
ORD0253,2023-10-16,Monitor,Electronics,Displays,East,Karnataka,7,1904,0.18,10928.96,987.35,Karan
ORD0254,2023-07-14,Coffee Table,Furniture,Tables,North,Tamil Nadu,6,1773,0.12,9361.44,1795.1,Ansh
ORD0255,2023-08-18,Pen,Stationery,Writing,South,Karnataka,7,1137,0.23,6128.43,416.43,Neha
ORD0256,2024-04-09,Smartphone,Electronics,Mobiles,South,Karnataka,10,1675,0.12,14740.0,1976.3,Ansh
ORD0257,2024-01-12,Pen,Stationery,Writing,East,Gujarat,5,726,0.22,2831.4,700.65,Rahul
ORD0258,2024-04-11,Notebook,Stationery,Paper,East,Delhi,1,1573,0.06,1478.62,220.32,Priya
ORD0259,2023-08-07,Monitor,Electronics,Displays,North,Maharashtra,1,785,0.15,667.25,82.24,Sneha
ORD0260,2023-01-02,Office Desk,Furniture,Desks,West,West Bengal,5,1255,0.01,6212.25,1137.06,Neha
ORD0261,2024-03-15,Pen,Stationery,Writing,South,Gujarat,2,1610,0.02,3155.6,673.36,Ansh
ORD0262,2023-10-21,Notebook,Stationery,Paper,East,Gujarat,3,544,0.07,1517.76,130.93,Ansh
ORD0263,2023-10-07,Smartphone,Electronics,Mobiles,North,Delhi,6,1219,0.1,6582.6,863.31,Priya
ORD0264,2024-02-27,Desk Chair,Furniture,Chairs,East,West Bengal,5,335,0.23,1289.75,67.12,Karan
ORD0265,2024-01-20,Pen,Stationery,Writing,West,Gujarat,7,920,0.26,4765.6,377.3,Ansh
ORD0266,2023-08-09,Laptop,Electronics,Computers,South,Karnataka,9,1192,0.06,10084.32,1458.15,Sneha
ORD0267,2023-10-19,Smartphone,Electronics,Mobiles,East,Gujarat,5,1827,0.01,9043.65,1078.3,Karan
ORD0268,2023-08-13,Laptop,Electronics,Computers,South,Delhi,2,1246,0.11,2217.88,179.38,Neha
ORD0269,2024-04-24,Monitor,Electronics,Displays,North,Gujarat,7,562,0.16,3304.56,268.49,Sneha
ORD0270,2023-12-24,Laptop,Electronics,Computers,West,Gujarat,5,1809,0.05,8592.75,621.59,Priya
ORD0271,2023-11-27,Coffee Table,Furniture,Tables,West,West Bengal,4,458,0.19,1483.92,123.12,Rahul
ORD0272,2024-05-12,Monitor,Electronics,Displays,South,Tamil Nadu,6,1426,0.15,7272.6,1020.76,Karan
ORD0273,2023-07-26,Notebook,Stationery,Paper,West,Maharashtra,3,1079,0.05,3075.15,739.99,Priya
ORD0274,2023-08-26,Coffee Table,Furniture,Tables,North,Gujarat,4,1102,0.09,4011.28,929.73,Sneha
ORD0275,2023-05-23,Laptop,Electronics,Computers,West,Maharashtra,7,1495,0.16,8790.6,950.94,Neha
ORD0276,2024-02-05,Office Desk,Furniture,Desks,West,Delhi,6,1844,0.23,8519.28,1802.92,Priya
ORD0277,2023-05-09,Coffee Table,Furniture,Tables,North,Tamil Nadu,10,606,0.09,5514.6,835.91,Karan
ORD0278,2024-05-26,Notebook,Stationery,Paper,West,Delhi,7,1527,0.07,9940.77,683.91,Priya
ORD0279,2023-12-31,Headphones,Electronics,Accessories,West,Maharashtra,3,944,0.14,2435.52,132.45,Ansh
ORD0280,2023-09-03,Coffee Table,Furniture,Tables,East,Tamil Nadu,4,1803,0.15,6130.2,997.9,Priya
ORD0281,2024-01-11,Office Desk,Furniture,Desks,West,Delhi,4,1988,0.28,5725.44,1215.04,Sneha
ORD0282,2023-07-07,Desk Chair,Furniture,Chairs,East,West Bengal,9,1126,0.25,7600.5,1102.61,Sneha
ORD0283,2024-06-05,Laptop,Electronics,Computers,North,Gujarat,2,1016,0.29,1442.72,294.89,Rahul
ORD0284,2023-06-02,Coffee Table,Furniture,Tables,North,West Bengal,1,1090,0.23,839.3,173.97,Priya
ORD0285,2023-02-05,Desk Chair,Furniture,Chairs,East,Gujarat,4,265,0.28,763.2,46.33,Rahul
ORD0286,2023-05-26,Headphones,Electronics,Accessories,West,Karnataka,2,321,0.08,590.64,115.53,Ansh
ORD0287,2023-04-01,Office Desk,Furniture,Desks,East,West Bengal,3,1514,0.07,4224.06,297.16,Neha
ORD0288,2024-04-06,Office Desk,Furniture,Desks,East,Karnataka,2,1854,0.17,3077.64,284.31,Karan
ORD0289,2024-02-05,Desk Chair,Furniture,Chairs,East,West Bengal,10,580,0.08,5336.0,1292.54,Ansh
ORD0290,2024-04-27,Office Desk,Furniture,Desks,North,West Bengal,1,1155,0.0,1155.0,83.08,Priya
ORD0291,2023-09-05,Notebook,Stationery,Paper,North,Maharashtra,9,1695,0.02,14949.9,2719.2,Neha
ORD0292,2024-06-26,Headphones,Electronics,Accessories,East,Gujarat,5,1066,0.2,4264.0,659.32,Rahul
ORD0293,2023-04-20,Smartphone,Electronics,Mobiles,South,Gujarat,4,112,0.16,376.32,72.86,Karan
ORD0294,2023-01-14,Desk Chair,Furniture,Chairs,East,Gujarat,7,395,0.12,2433.2,240.47,Rahul
ORD0295,2023-06-22,Headphones,Electronics,Accessories,East,Delhi,10,1367,0.28,9842.4,1895.27,Neha
ORD0296,2023-05-06,Pen,Stationery,Writing,West,Maharashtra,7,325,0.08,2093.0,460.15,Ansh
ORD0297,2023-03-02,Headphones,Electronics,Accessories,North,Delhi,3,1299,0.26,2883.78,411.06,Karan
ORD0298,2024-06-12,Laptop,Electronics,Computers,South,Karnataka,8,610,0.07,4538.4,831.61,Neha
ORD0299,2023-09-18,Smartphone,Electronics,Mobiles,West,Delhi,5,891,0.22,3474.9,753.12,Karan
ORD0300,2024-03-24,Headphones,Electronics,Accessories,East,Karnataka,1,657,0.08,604.44,56.95,Neha
ORD0301,2024-04-01,Desk Chair,Furniture,Chairs,South,West Bengal,4,962,0.21,3039.92,493.37,Rahul
ORD0302,2023-06-08,Smartphone,Electronics,Mobiles,West,West Bengal,1,394,0.19,319.14,40.05,Priya
ORD0303,2023-05-19,Coffee Table,Furniture,Tables,East,West Bengal,3,1544,0.12,4076.16,746.95,Neha
ORD0304,2024-04-05,Headphones,Electronics,Accessories,East,Gujarat,3,913,0.28,1972.08,427.98,Sneha
ORD0305,2024-03-14,Smartphone,Electronics,Mobiles,West,West Bengal,7,1170,0.09,7452.9,1682.06,Rahul
ORD0306,2024-02-29,Laptop,Electronics,Computers,South,Maharashtra,2,699,0.28,1006.56,227.12,Priya
ORD0307,2023-05-13,Notebook,Stationery,Paper,South,Delhi,6,743,0.27,3254.34,776.54,Rahul
ORD0308,2023-03-06,Pen,Stationery,Writing,East,Tamil Nadu,2,1854,0.25,2781.0,172.46,Priya
ORD0309,2023-10-22,Notebook,Stationery,Paper,North,Maharashtra,4,1113,0.29,3160.92,478.63,Sneha
ORD0310,2023-03-31,Monitor,Electronics,Displays,East,Maharashtra,8,629,0.22,3924.96,875.2,Rahul
ORD0311,2023-02-04,Smartphone,Electronics,Mobiles,East,Karnataka,3,386,0.07,1076.94,229.2,Karan
ORD0312,2023-12-25,Coffee Table,Furniture,Tables,East,Tamil Nadu,7,1759,0.28,8865.36,1535.64,Neha
ORD0313,2024-01-20,Monitor,Electronics,Displays,East,Tamil Nadu,5,1476,0.24,5608.8,1115.33,Rahul
ORD0314,2024-01-15,Pen,Stationery,Writing,West,Gujarat,8,990,0.04,7603.2,821.28,Priya
ORD0315,2023-05-03,Laptop,Electronics,Computers,South,Tamil Nadu,7,901,0.27,4604.11,734.23,Ansh
ORD0316,2024-03-30,Monitor,Electronics,Displays,West,Maharashtra,6,1092,0.29,4651.92,814.71,Ansh
ORD0317,2024-04-06,Headphones,Electronics,Accessories,East,Tamil Nadu,2,148,0.1,266.4,43.28,Rahul
ORD0318,2023-01-14,Notebook,Stationery,Paper,East,Maharashtra,1,1767,0.06,1660.98,395.49,Sneha
ORD0319,2023-04-05,Laptop,Electronics,Computers,South,Tamil Nadu,4,1354,0.27,3953.68,706.64,Sneha
ORD0320,2023-06-21,Pen,Stationery,Writing,West,West Bengal,3,1830,0.2,4392.0,917.6,Ansh
ORD0321,2023-09-29,Laptop,Electronics,Computers,East,Karnataka,7,1874,0.28,9444.96,1873.53,Priya
ORD0322,2024-02-19,Monitor,Electronics,Displays,South,West Bengal,10,664,0.09,6042.4,823.7,Sneha
ORD0323,2024-06-05,Laptop,Electronics,Computers,South,Tamil Nadu,3,1290,0.2,3096.0,662.33,Sneha
ORD0324,2023-04-27,Laptop,Electronics,Computers,East,Delhi,3,585,0.21,1386.45,248.75,Karan
ORD0325,2023-06-03,Coffee Table,Furniture,Tables,North,Gujarat,4,1282,0.18,4204.96,868.61,Neha
ORD0326,2024-05-24,Monitor,Electronics,Displays,East,Maharashtra,4,447,0.19,1448.28,142.09,Karan
ORD0327,2023-09-04,Laptop,Electronics,Computers,East,Delhi,2,1184,0.08,2178.56,317.06,Priya
ORD0328,2023-07-01,Monitor,Electronics,Displays,East,Karnataka,10,573,0.25,4297.5,432.64,Karan
ORD0329,2023-07-21,Smartphone,Electronics,Mobiles,East,West Bengal,9,1760,0.13,13780.8,3181.77,Rahul
ORD0330,2024-07-03,Desk Chair,Furniture,Chairs,South,Tamil Nadu,7,1302,0.01,9022.86,1089.78,Rahul
ORD0331,2023-03-21,Coffee Table,Furniture,Tables,East,Delhi,1,763,0.09,694.33,127.95,Neha
ORD0332,2024-05-17,Laptop,Electronics,Computers,West,Karnataka,8,1418,0.02,11117.12,2605.99,Ansh
ORD0333,2023-03-01,Office Desk,Furniture,Desks,North,Maharashtra,1,985,0.09,896.35,55.83,Sneha
ORD0334,2024-05-25,Desk Chair,Furniture,Chairs,West,Karnataka,8,1009,0.02,7910.56,1193.97,Rahul
ORD0335,2023-03-22,Smartphone,Electronics,Mobiles,West,Tamil Nadu,2,1991,0.08,3663.44,621.7,Sneha
ORD0336,2023-10-03,Notebook,Stationery,Paper,East,West Bengal,7,1931,0.03,13111.49,2401.92,Karan
ORD0337,2023-11-15,Monitor,Electronics,Displays,North,Tamil Nadu,3,1808,0.24,4122.24,213.67,Neha
ORD0338,2023-04-11,Monitor,Electronics,Displays,North,Tamil Nadu,1,572,0.05,543.4,115.54,Priya
ORD0339,2023-06-25,Notebook,Stationery,Paper,South,Maharashtra,10,1815,0.13,15790.5,2602.08,Karan
ORD0340,2023-06-01,Laptop,Electronics,Computers,South,Tamil Nadu,3,622,0.09,1698.06,298.32,Karan
ORD0341,2023-11-19,Coffee Table,Furniture,Tables,North,Delhi,6,1396,0.05,7957.2,1497.54,Rahul
ORD0342,2024-02-01,Notebook,Stationery,Paper,East,Karnataka,5,375,0.06,1762.5,263.86,Ansh
ORD0343,2023-04-16,Pen,Stationery,Writing,East,Tamil Nadu,10,594,0.21,4692.6,269.78,Neha
ORD0344,2024-06-17,Pen,Stationery,Writing,South,West Bengal,3,1004,0.28,2168.64,352.73,Rahul
ORD0345,2023-09-28,Coffee Table,Furniture,Tables,East,Tamil Nadu,8,553,0.23,3406.48,747.62,Sneha
ORD0346,2023-08-01,Pen,Stationery,Writing,East,Delhi,4,367,0.25,1101.0,138.13,Sneha
ORD0347,2024-01-28,Desk Chair,Furniture,Chairs,South,Gujarat,5,1620,0.03,7857.0,651.43,Priya
ORD0348,2024-05-18,Office Desk,Furniture,Desks,South,Maharashtra,7,1499,0.1,9443.7,2090.33,Sneha
ORD0349,2024-04-16,Notebook,Stationery,Paper,East,West Bengal,3,1344,0.0,4032.0,417.86,Rahul
ORD0350,2023-08-13,Notebook,Stationery,Paper,East,Tamil Nadu,8,1057,0.06,7948.64,675.46,Karan
ORD0351,2023-11-22,Headphones,Electronics,Accessories,East,Tamil Nadu,2,1546,0.13,2690.04,308.19,Neha
ORD0352,2023-10-20,Coffee Table,Furniture,Tables,North,Karnataka,6,1072,0.03,6239.04,400.27,Priya
ORD0353,2024-05-26,Pen,Stationery,Writing,South,West Bengal,10,1366,0.16,11474.4,879.45,Ansh
ORD0354,2023-02-18,Laptop,Electronics,Computers,North,Gujarat,5,1286,0.27,4693.9,651.04,Sneha
ORD0355,2024-01-15,Pen,Stationery,Writing,North,Maharashtra,6,1291,0.01,7668.54,1145.89,Priya
ORD0356,2023-04-20,Laptop,Electronics,Computers,East,Maharashtra,3,1663,0.17,4140.87,487.08,Karan
ORD0357,2023-09-08,Monitor,Electronics,Displays,West,West Bengal,10,1318,0.22,10280.4,604.82,Neha
ORD0358,2024-01-02,Pen,Stationery,Writing,East,Karnataka,8,842,0.11,5995.04,1176.41,Neha
ORD0359,2024-02-01,Monitor,Electronics,Displays,East,Karnataka,6,1615,0.05,9205.5,1157.08,Karan
ORD0360,2023-01-29,Coffee Table,Furniture,Tables,South,West Bengal,8,942,0.13,6556.32,579.84,Ansh
ORD0361,2024-03-04,Smartphone,Electronics,Mobiles,East,Gujarat,3,1415,0.24,3226.2,198.59,Priya
ORD0362,2023-02-04,Coffee Table,Furniture,Tables,North,Gujarat,5,1958,0.05,9300.5,1139.04,Ansh
ORD0363,2023-08-29,Office Desk,Furniture,Desks,East,West Bengal,10,1743,0.11,15512.7,1576.65,Ansh
ORD0364,2023-08-12,Desk Chair,Furniture,Chairs,North,Karnataka,1,920,0.01,910.8,121.09,Rahul
ORD0365,2023-10-30,Headphones,Electronics,Accessories,South,Karnataka,4,283,0.02,1109.36,92.32,Neha
ORD0366,2024-06-06,Pen,Stationery,Writing,East,Delhi,6,1990,0.1,10746.0,939.06,Sneha
ORD0367,2023-09-25,Pen,Stationery,Writing,West,West Bengal,10,1697,0.03,16460.9,2543.04,Karan
ORD0368,2023-08-17,Office Desk,Furniture,Desks,West,Gujarat,5,1602,0.29,5687.1,500.96,Priya
ORD0369,2024-01-31,Coffee Table,Furniture,Tables,North,Tamil Nadu,6,1879,0.05,10710.3,2307.56,Neha
ORD0370,2024-01-12,Monitor,Electronics,Displays,East,Gujarat,1,166,0.04,159.36,17.02,Neha
ORD0371,2023-04-13,Pen,Stationery,Writing,East,Karnataka,10,1468,0.01,14533.2,2965.39,Priya
ORD0372,2023-05-20,Notebook,Stationery,Paper,South,Maharashtra,5,1486,0.17,6166.9,1250.17,Rahul
ORD0373,2023-07-16,Monitor,Electronics,Displays,West,Tamil Nadu,8,157,0.1,1130.4,241.25,Ansh
ORD0374,2024-04-12,Smartphone,Electronics,Mobiles,East,Tamil Nadu,7,1644,0.21,9091.32,1167.26,Sneha
ORD0375,2023-04-06,Laptop,Electronics,Computers,North,Maharashtra,2,702,0.14,1207.44,289.81,Rahul
ORD0376,2024-02-27,Monitor,Electronics,Displays,West,Maharashtra,4,148,0.05,562.4,62.85,Neha
ORD0377,2023-04-02,Office Desk,Furniture,Desks,West,Karnataka,1,1749,0.18,1434.18,323.42,Ansh
ORD0378,2024-02-20,Coffee Table,Furniture,Tables,North,Karnataka,9,475,0.05,4061.25,463.9,Sneha
ORD0379,2023-11-03,Headphones,Electronics,Accessories,East,Karnataka,9,1834,0.22,12874.68,841.78,Karan
ORD0380,2024-03-17,Coffee Table,Furniture,Tables,North,Gujarat,2,1902,0.11,3385.56,513.72,Sneha
ORD0381,2023-10-06,Pen,Stationery,Writing,North,Karnataka,8,1170,0.05,8892.0,1059.79,Neha
ORD0382,2024-06-21,Desk Chair,Furniture,Chairs,West,Delhi,9,718,0.14,5557.32,1072.03,Neha
ORD0383,2024-04-28,Smartphone,Electronics,Mobiles,East,Gujarat,3,996,0.1,2689.2,355.67,Sneha
ORD0384,2023-04-15,Coffee Table,Furniture,Tables,South,Tamil Nadu,5,126,0.06,592.2,65.04,Neha
ORD0385,2024-02-19,Smartphone,Electronics,Mobiles,West,Maharashtra,8,1852,0.13,12889.92,1707.17,Priya
ORD0386,2024-01-02,Office Desk,Furniture,Desks,East,Tamil Nadu,5,1676,0.06,7877.2,1327.77,Priya
ORD0387,2023-05-20,Smartphone,Electronics,Mobiles,West,Maharashtra,4,636,0.26,1882.56,176.66,Sneha
ORD0388,2024-03-22,Smartphone,Electronics,Mobiles,North,Gujarat,8,116,0.26,686.72,109.55,Sneha
ORD0389,2023-05-23,Notebook,Stationery,Paper,West,West Bengal,10,1982,0.27,14468.6,2661.15,Rahul
ORD0390,2023-07-31,Monitor,Electronics,Displays,West,Maharashtra,1,1500,0.17,1245.0,256.54,Karan
ORD0391,2024-06-24,Monitor,Electronics,Displays,West,Delhi,9,1015,0.15,7764.75,1470.49,Priya
ORD0392,2024-04-29,Office Desk,Furniture,Desks,North,Tamil Nadu,6,1829,0.02,10754.52,1151.49,Sneha
ORD0393,2023-03-31,Headphones,Electronics,Accessories,East,West Bengal,7,1304,0.13,7941.36,1276.35,Priya
ORD0394,2024-04-06,Desk Chair,Furniture,Chairs,South,Delhi,9,830,0.18,6125.4,557.48,Neha
ORD0395,2023-07-10,Monitor,Electronics,Displays,North,Delhi,10,1551,0.25,11632.5,2508.88,Ansh
ORD0396,2024-04-04,Pen,Stationery,Writing,South,Tamil Nadu,2,1801,0.0,3602.0,661.92,Neha
ORD0397,2023-12-12,Laptop,Electronics,Computers,North,West Bengal,5,1653,0.28,5950.8,1239.67,Rahul
ORD0398,2024-02-13,Smartphone,Electronics,Mobiles,East,Karnataka,7,1727,0.13,10517.43,1771.42,Sneha
ORD0399,2023-09-04,Notebook,Stationery,Paper,North,Tamil Nadu,4,286,0.2,915.2,144.11,Priya
ORD0400,2023-12-16,Desk Chair,Furniture,Chairs,North,Gujarat,9,761,0.26,5068.26,479.76,Karan
ORD0401,2023-07-29,Office Desk,Furniture,Desks,East,Gujarat,5,804,0.27,2934.6,159.66,Ansh
ORD0402,2023-05-26,Laptop,Electronics,Computers,West,West Bengal,3,1161,0.15,2960.55,696.69,Sneha
ORD0403,2024-01-10,Coffee Table,Furniture,Tables,West,Gujarat,6,1208,0.13,6305.76,927.55,Rahul
ORD0404,2024-05-26,Laptop,Electronics,Computers,East,Delhi,2,1461,0.02,2863.56,210.85,Priya
ORD0405,2024-06-17,Laptop,Electronics,Computers,North,Tamil Nadu,8,502,0.12,3534.08,391.21,Ansh
ORD0406,2023-07-14,Office Desk,Furniture,Desks,East,Maharashtra,4,1319,0.24,4009.76,403.9,Rahul
ORD0407,2024-02-29,Monitor,Electronics,Displays,East,Maharashtra,8,971,0.01,7690.32,1088.9,Karan
ORD0408,2023-01-09,Coffee Table,Furniture,Tables,East,Delhi,9,289,0.03,2522.97,593.19,Neha
ORD0409,2023-07-06,Desk Chair,Furniture,Chairs,North,West Bengal,8,320,0.29,1817.6,389.8,Rahul
ORD0410,2023-12-05,Pen,Stationery,Writing,South,Delhi,8,1041,0.13,7245.36,1570.48,Rahul
ORD0411,2024-06-07,Headphones,Electronics,Accessories,East,West Bengal,9,1789,0.12,14168.88,2910.31,Neha
ORD0412,2023-12-09,Smartphone,Electronics,Mobiles,South,Gujarat,9,647,0.26,4309.02,529.8,Priya
ORD0413,2023-04-27,Pen,Stationery,Writing,South,Tamil Nadu,7,1540,0.11,9594.2,2107.53,Karan
ORD0414,2023-10-19,Headphones,Electronics,Accessories,East,West Bengal,6,1370,0.07,7644.6,1071.65,Rahul
ORD0415,2023-07-05,Notebook,Stationery,Paper,South,West Bengal,8,591,0.21,3735.12,741.77,Priya
ORD0416,2023-10-30,Office Desk,Furniture,Desks,East,Tamil Nadu,4,618,0.15,2101.2,112.58,Ansh
ORD0417,2023-03-02,Coffee Table,Furniture,Tables,North,Tamil Nadu,9,319,0.18,2354.22,550.2,Priya
ORD0418,2023-03-06,Smartphone,Electronics,Mobiles,West,Maharashtra,8,953,0.15,6480.4,965.82,Karan
ORD0419,2023-08-05,Office Desk,Furniture,Desks,North,Karnataka,3,941,0.07,2625.39,159.38,Priya
ORD0420,2023-07-14,Headphones,Electronics,Accessories,South,Tamil Nadu,7,1558,0.24,8288.56,1927.69,Karan
ORD0421,2023-02-17,Headphones,Electronics,Accessories,South,West Bengal,5,411,0.01,2034.45,426.48,Neha
ORD0422,2023-03-16,Desk Chair,Furniture,Chairs,North,West Bengal,8,285,0.1,2052.0,123.23,Priya
ORD0423,2023-11-12,Headphones,Electronics,Accessories,East,West Bengal,8,1754,0.16,11786.88,1316.76,Ansh
ORD0424,2023-03-27,Smartphone,Electronics,Mobiles,West,Delhi,6,1624,0.21,7697.76,1658.82,Neha
ORD0425,2023-05-10,Pen,Stationery,Writing,South,Tamil Nadu,5,843,0.29,2992.65,179.06,Neha
ORD0426,2023-06-07,Coffee Table,Furniture,Tables,South,Maharashtra,9,1961,0.23,13589.73,3050.73,Neha
ORD0427,2023-08-30,Smartphone,Electronics,Mobiles,East,Delhi,6,1796,0.04,10344.96,1500.5,Karan
ORD0428,2024-06-09,Laptop,Electronics,Computers,East,West Bengal,2,417,0.15,708.9,63.71,Rahul
ORD0429,2023-07-11,Coffee Table,Furniture,Tables,North,Karnataka,2,306,0.23,471.24,97.33,Neha
ORD0430,2024-01-20,Laptop,Electronics,Computers,South,Tamil Nadu,6,333,0.2,1598.4,377.44,Sneha
ORD0431,2023-07-13,Coffee Table,Furniture,Tables,North,Delhi,3,1078,0.18,2651.88,646.45,Neha
ORD0432,2023-06-02,Notebook,Stationery,Paper,East,West Bengal,2,806,0.17,1337.96,117.16,Rahul
ORD0433,2024-06-04,Office Desk,Furniture,Desks,South,Gujarat,3,1133,0.04,3263.04,683.65,Priya
ORD0434,2023-01-06,Headphones,Electronics,Accessories,South,Tamil Nadu,9,1097,0.2,7898.4,1417.21,Rahul
ORD0435,2024-07-04,Pen,Stationery,Writing,West,Gujarat,9,906,0.13,7093.98,618.23,Rahul
ORD0436,2023-03-06,Pen,Stationery,Writing,North,Maharashtra,7,537,0.06,3533.46,313.48,Neha
ORD0437,2024-01-03,Pen,Stationery,Writing,West,West Bengal,8,775,0.26,4588.0,325.63,Priya
ORD0438,2023-03-19,Desk Chair,Furniture,Chairs,South,Gujarat,5,1731,0.16,7270.2,528.18,Karan
ORD0439,2024-03-29,Pen,Stationery,Writing,West,Tamil Nadu,1,719,0.29,510.49,81.05,Sneha
ORD0440,2023-09-08,Coffee Table,Furniture,Tables,East,Tamil Nadu,4,1814,0.24,5514.56,1275.25,Karan
ORD0441,2023-03-19,Desk Chair,Furniture,Chairs,East,West Bengal,10,860,0.1,7740.0,1438.71,Sneha
ORD0442,2024-03-13,Pen,Stationery,Writing,North,West Bengal,2,399,0.14,686.28,134.97,Priya
ORD0443,2023-05-09,Laptop,Electronics,Computers,South,Maharashtra,3,1051,0.12,2774.64,576.83,Ansh
ORD0444,2024-01-25,Laptop,Electronics,Computers,South,Tamil Nadu,2,1631,0.05,3098.9,363.32,Neha
ORD0445,2023-10-24,Desk Chair,Furniture,Chairs,West,Gujarat,5,908,0.03,4403.8,323.55,Priya
ORD0446,2023-09-04,Smartphone,Electronics,Mobiles,South,Gujarat,6,1017,0.12,5369.76,634.84,Rahul
ORD0447,2024-02-15,Laptop,Electronics,Computers,South,Karnataka,7,1213,0.03,8236.27,839.31,Sneha
ORD0448,2023-09-22,Monitor,Electronics,Displays,East,Karnataka,5,1093,0.15,4645.25,1141.12,Priya
ORD0449,2023-04-13,Coffee Table,Furniture,Tables,West,Delhi,5,1578,0.16,6627.6,1311.91,Neha
ORD0450,2024-04-29,Laptop,Electronics,Computers,West,Karnataka,8,691,0.06,5196.32,497.32,Sneha
ORD0451,2024-06-03,Smartphone,Electronics,Mobiles,East,Tamil Nadu,6,547,0.13,2855.34,581.57,Ansh
ORD0452,2023-05-09,Laptop,Electronics,Computers,South,Tamil Nadu,2,1818,0.09,3308.76,668.97,Sneha
ORD0453,2024-03-13,Monitor,Electronics,Displays,North,Delhi,4,1731,0.18,5677.68,1318.67,Neha
ORD0454,2024-03-13,Headphones,Electronics,Accessories,East,Delhi,4,1613,0.12,5677.76,520.47,Ansh
ORD0455,2024-04-18,Pen,Stationery,Writing,East,Gujarat,1,770,0.1,693.0,162.85,Sneha
ORD0456,2024-02-01,Monitor,Electronics,Displays,North,West Bengal,5,1970,0.26,7289.0,1051.21,Priya
ORD0457,2023-05-29,Notebook,Stationery,Paper,South,Gujarat,1,1800,0.13,1566.0,93.03,Ansh
ORD0458,2023-03-10,Desk Chair,Furniture,Chairs,West,Gujarat,8,1900,0.05,14440.0,3522.06,Neha
ORD0459,2023-07-22,Pen,Stationery,Writing,West,Karnataka,5,1487,0.21,5873.65,1115.88,Karan
ORD0460,2023-04-15,Headphones,Electronics,Accessories,West,Delhi,3,185,0.06,521.7,35.65,Sneha
ORD0461,2024-03-05,Notebook,Stationery,Paper,East,Delhi,9,750,0.01,6682.5,1336.36,Ansh
ORD0462,2024-03-22,Pen,Stationery,Writing,West,Karnataka,9,554,0.05,4736.7,585.87,Sneha
ORD0463,2024-04-20,Desk Chair,Furniture,Chairs,North,Tamil Nadu,7,1581,0.02,10845.66,1035.45,Ansh
ORD0464,2023-12-11,Coffee Table,Furniture,Tables,North,West Bengal,2,769,0.08,1414.96,157.9,Karan
ORD0465,2023-10-21,Pen,Stationery,Writing,East,West Bengal,5,1884,0.02,9231.6,1120.37,Priya
ORD0466,2023-07-30,Smartphone,Electronics,Mobiles,North,Maharashtra,10,1068,0.19,8650.8,1879.25,Sneha
ORD0467,2023-08-09,Smartphone,Electronics,Mobiles,South,West Bengal,7,197,0.11,1227.31,196.17,Karan
ORD0468,2024-01-12,Smartphone,Electronics,Mobiles,East,Karnataka,9,499,0.23,3458.07,637.2,Ansh
ORD0469,2024-01-19,Desk Chair,Furniture,Chairs,North,Maharashtra,9,852,0.19,6211.08,966.25,Priya
ORD0470,2023-09-24,Coffee Table,Furniture,Tables,East,West Bengal,2,1769,0.19,2865.78,523.23,Karan
ORD0471,2023-06-05,Office Desk,Furniture,Desks,North,Delhi,8,1631,0.2,10438.4,898.22,Ansh
ORD0472,2024-04-29,Desk Chair,Furniture,Chairs,South,Maharashtra,6,548,0.21,2597.52,224.46,Karan
ORD0473,2023-09-01,Smartphone,Electronics,Mobiles,North,Maharashtra,5,980,0.09,4459.0,369.33,Rahul
ORD0474,2023-11-23,Coffee Table,Furniture,Tables,South,Karnataka,2,1893,0.27,2763.78,446.72,Ansh
ORD0475,2024-02-21,Coffee Table,Furniture,Tables,South,Tamil Nadu,8,886,0.04,6804.48,1591.52,Priya
ORD0476,2023-01-19,Monitor,Electronics,Displays,South,Gujarat,2,830,0.04,1593.6,89.36,Sneha
ORD0477,2023-11-05,Headphones,Electronics,Accessories,North,Gujarat,6,1877,0.06,10586.28,907.16,Neha
ORD0478,2024-04-20,Pen,Stationery,Writing,South,Karnataka,6,764,0.09,4171.44,351.13,Ansh
ORD0479,2023-01-28,Headphones,Electronics,Accessories,South,Maharashtra,9,1862,0.27,12233.34,2812.08,Sneha
ORD0480,2023-07-07,Monitor,Electronics,Displays,South,Tamil Nadu,7,1749,0.12,10773.84,951.9,Priya
ORD0481,2023-08-20,Smartphone,Electronics,Mobiles,South,Delhi,5,210,0.05,997.5,75.57,Sneha
ORD0482,2023-09-13,Monitor,Electronics,Displays,North,Karnataka,6,570,0.14,2941.2,555.03,Ansh
ORD0483,2023-11-14,Headphones,Electronics,Accessories,West,West Bengal,8,1080,0.13,7516.8,1699.15,Karan
ORD0484,2023-10-12,Notebook,Stationery,Paper,South,Delhi,7,1073,0.05,7135.45,1576.48,Neha
ORD0485,2023-05-30,Monitor,Electronics,Displays,East,West Bengal,10,1384,0.13,12040.8,2157.58,Rahul
ORD0486,2024-05-30,Pen,Stationery,Writing,South,Maharashtra,4,1912,0.2,6118.4,934.4,Rahul
ORD0487,2023-09-28,Headphones,Electronics,Accessories,South,Maharashtra,7,1300,0.04,8736.0,1738.81,Priya
ORD0488,2023-10-17,Headphones,Electronics,Accessories,South,Maharashtra,10,268,0.11,2385.2,224.31,Rahul
ORD0489,2024-03-22,Coffee Table,Furniture,Tables,North,Delhi,2,1351,0.19,2188.62,326.93,Sneha
ORD0490,2024-01-02,Monitor,Electronics,Displays,West,Gujarat,2,1324,0.03,2568.56,206.82,Ansh
ORD0491,2023-10-04,Monitor,Electronics,Displays,East,West Bengal,1,257,0.05,244.15,52.68,Ansh
ORD0492,2023-10-01,Desk Chair,Furniture,Chairs,East,Tamil Nadu,9,558,0.25,3766.5,881.16,Rahul
ORD0493,2023-02-18,Desk Chair,Furniture,Chairs,North,West Bengal,3,635,0.24,1447.8,107.0,Neha
ORD0494,2024-06-24,Notebook,Stationery,Paper,North,Maharashtra,4,754,0.29,2141.36,432.0,Neha
ORD0495,2024-06-18,Smartphone,Electronics,Mobiles,West,Maharashtra,10,1117,0.25,8377.5,1095.88,Karan
ORD0496,2023-11-24,Office Desk,Furniture,Desks,West,West Bengal,8,776,0.02,6083.84,1018.99,Neha
ORD0497,2023-01-03,Notebook,Stationery,Paper,East,Gujarat,4,360,0.11,1281.6,113.8,Priya
ORD0498,2023-09-30,Smartphone,Electronics,Mobiles,West,Tamil Nadu,2,1384,0.08,2546.56,589.63,Neha
ORD0499,2024-06-06,Coffee Table,Furniture,Tables,South,Karnataka,2,1139,0.12,2004.64,268.89,Rahul
ORD0500,2023-03-12,Desk Chair,Furniture,Chairs,East,Gujarat,9,1059,0.21,7529.49,1384.93,Neha
